{
    "layer_1_bias": [
        [
            0.758386160108632
        ], 
        [
            -0.4270445781904254
        ], 
        [
            0.24781639160073468
        ]
    ], 
    "layer_1_weight": [
        [
            -1.2650054912050412, 
            0.37541008364034395
        ], 
        [
            -0.9383152606965539, 
            1.8319036639669637
        ], 
        [
            0.8576021872953731, 
            -1.2782167456010152
        ]
    ], 
    "layer_2_bias": [
        [
            1.1376095000222843
        ]
    ], 
    "layer_2_weight": [
        [
            0.5477942779213817, 
            -1.5226351198861858, 
            0.5055789865883387
        ]
    ]
}