{
    "layer_1_bias": [
        [
            -0.6356821679127138
        ], 
        [
            0.7881953145950473
        ], 
        [
            0.3562878283243821
        ]
    ], 
    "layer_1_weight": [
        [
            0.05979038569767368, 
            0.9579484109680119
        ], 
        [
            1.4747630634543465, 
            -0.027848924022351874
        ], 
        [
            1.1422152682324902, 
            1.6610583906701153
        ]
    ], 
    "layer_2_bias": [
        [
            0.4423001473226341
        ]
    ], 
    "layer_2_weight": [
        [
            0.7224334643096213, 
            2.8314006282964153, 
            -1.5787251983285122
        ]
    ]
}